Participant,Pre_Density,Post_Density,Pre_Length,Post_Length,Pre_Rejection,Post_Rejection,Pre_Stance,Post_Stance,Pre_Lexical,Post_Lexical,Pre_Consistency,Post_Consistency,Pre_Critical,Post_Critical,Prompting_density_Change,Mean_prompt_length_Change,AI-suggestion_rejection_rate_Change,Stance_marking_Change,Lexical_agency_Change,Voice_consistency_Change,Critical_dialogue_Change
P01,2.5,6.3,9.5,50.3,12.3,46.6,3.72,4.0,1.32,2.67,1.71,1.19,1.0,2.82,3.8,40.8,34.3,0.2799999999999998,1.3499999999999999,-0.52,1.8199999999999998
P02,1.0,2.9,14.4,41.4,19.7,46.9,2.48,2.49,1.5,3.37,2.27,2.14,1.01,1.0,1.9,27.0,27.2,0.010000000000000231,1.87,-0.1299999999999999,-0.010000000000000009
P03,2.1,7.4,6.9,51.8,20.5,64.2,2.64,3.24,1.79,2.91,1.34,1.41,1.0,3.0,5.300000000000001,44.9,43.7,0.6000000000000001,1.12,0.06999999999999984,2.0
P04,3.0,6.2,11.5,35.3,8.9,31.5,2.4,3.6,1.0,2.67,2.96,4.0,1.0,3.16,3.2,23.799999999999997,22.6,1.2000000000000002,1.67,1.04,2.16
P05,1.4,4.0,21.8,40.4,14.6,52.9,2.49,3.43,2.38,4.0,3.01,3.08,2.35,4.0,2.6,18.599999999999998,38.3,0.94,1.62,0.07000000000000028,1.65
P06,2.0,5.8,7.2,22.9,21.2,44.0,1.91,3.65,1.54,1.74,2.35,3.79,1.0,3.62,3.8,15.7,22.8,1.74,0.19999999999999996,1.44,2.62
P07,2.6,8.7,13.0,29.3,21.2,76.3,1.59,2.75,1.8,3.63,2.28,3.69,2.45,4.0,6.1,16.3,55.099999999999994,1.16,1.8299999999999998,1.4100000000000001,1.5499999999999998
P08,4.6,8.9,16.7,45.5,13.2,79.9,2.46,2.92,2.29,3.98,2.48,3.45,1.0,1.08,4.300000000000001,28.8,66.7,0.45999999999999996,1.69,0.9700000000000002,0.08000000000000007
P09,3.2,7.2,11.1,64.6,20.4,68.1,1.0,2.32,1.54,1.08,2.12,1.84,2.04,4.0,4.0,53.49999999999999,47.699999999999996,1.3199999999999998,-0.45999999999999996,-0.28,1.96
P10,2.1,4.3,16.3,56.6,16.9,88.8,2.54,3.38,2.7,2.45,1.77,2.64,1.0,3.48,2.1999999999999997,40.3,71.9,0.8399999999999999,-0.25,0.8700000000000001,2.48
P11,1.4,7.8,13.9,48.2,10.2,55.2,2.42,3.61,1.0,2.59,2.72,4.0,2.45,1.93,6.4,34.300000000000004,45.0,1.19,1.5899999999999999,1.2799999999999998,-0.5200000000000002
P12,2.2,7.1,9.5,35.4,23.5,83.1,1.75,2.92,2.27,2.23,1.76,2.65,1.0,2.95,4.8999999999999995,25.9,59.599999999999994,1.17,-0.040000000000000036,0.8899999999999999,1.9500000000000002
P13,2.5,8.5,8.8,38.5,12.9,48.7,2.21,3.57,2.05,3.67,2.45,3.89,1.51,3.8,6.0,29.7,35.800000000000004,1.3599999999999999,1.62,1.44,2.29
P14,3.3,9.5,12.8,37.9,14.4,68.0,1.64,2.27,2.1,3.8,2.96,4.0,1.35,3.46,6.2,25.099999999999998,53.6,0.6300000000000001,1.6999999999999997,1.04,2.11
P15,2.1,3.9,4.8,33.8,7.1,69.4,1.54,2.56,2.17,3.86,1.48,3.23,1.19,3.5,1.7999999999999998,28.999999999999996,62.300000000000004,1.02,1.69,1.75,2.31
P16,3.1,7.9,6.9,41.9,12.5,67.9,2.67,3.6,1.2,2.77,2.11,3.21,2.33,1.59,4.800000000000001,35.0,55.400000000000006,0.9300000000000002,1.57,1.1,-0.74
P17,3.3,8.0,12.8,52.3,11.4,77.3,2.21,1.52,1.14,3.21,2.21,2.61,2.04,1.92,4.7,39.5,65.89999999999999,-0.69,2.0700000000000003,0.3999999999999999,-0.1200000000000001
P18,2.3,3.1,7.1,36.5,6.1,58.7,3.29,3.79,1.96,3.48,1.0,1.4,1.36,3.16,0.8000000000000003,29.4,52.6,0.5,1.52,0.3999999999999999,1.8
P19,3.0,7.1,11.0,50.5,17.2,68.7,3.66,4.0,2.55,3.73,1.9,3.01,1.68,1.0,4.1,39.5,51.5,0.33999999999999986,1.1800000000000002,1.1099999999999999,-0.6799999999999999
P20,2.2,5.1,7.1,39.4,11.4,64.2,2.51,3.26,1.18,3.06,2.24,3.3,1.97,4.0,2.8999999999999995,32.3,52.800000000000004,0.75,1.8800000000000001,1.0599999999999996,2.0300000000000002
P21,2.5,3.0,17.0,46.2,19.6,88.1,2.28,2.22,1.0,1.0,1.43,1.0,1.22,3.4,0.5,29.200000000000003,68.5,-0.05999999999999961,0.0,-0.42999999999999994,2.1799999999999997
P22,1.4,6.1,15.6,53.0,13.5,69.6,3.12,3.62,1.87,3.57,2.8,3.74,1.92,3.94,4.699999999999999,37.4,56.099999999999994,0.5,1.6999999999999997,0.9400000000000004,2.02
P23,2.5,5.7,13.8,41.7,20.7,77.9,1.08,1.99,1.85,3.5,3.2,2.91,2.04,4.0,3.2,27.900000000000002,57.2,0.9099999999999999,1.65,-0.29000000000000004,1.96
P24,3.1,6.5,12.8,46.6,15.3,68.6,1.4,1.42,2.26,4.0,3.09,3.35,1.04,1.0,3.4,33.8,53.3,0.020000000000000018,1.7400000000000002,0.26000000000000023,-0.040000000000000036
P25,2.9,7.5,9.9,42.7,14.1,82.0,2.02,3.18,2.5,4.0,3.45,3.95,1.0,1.0,4.6,32.800000000000004,67.9,1.1600000000000001,1.5,0.5,0.0
P26,2.3,6.0,7.4,50.8,14.0,28.9,2.33,3.49,2.04,1.99,2.02,3.0,1.6,3.52,3.7,43.4,14.899999999999999,1.1600000000000001,-0.050000000000000044,0.98,1.92
P27,3.2,7.4,20.5,52.7,10.8,51.5,2.2,2.35,1.41,3.32,2.91,4.0,1.0,1.0,4.2,32.2,40.7,0.1499999999999999,1.91,1.0899999999999999,0.0
P28,2.1,3.7,14.5,51.0,12.5,63.5,2.21,2.74,1.99,2.25,2.4,3.21,1.66,3.88,1.6,36.5,51.0,0.5300000000000002,0.26,0.81,2.2199999999999998
P29,2.3,7.0,11.4,34.1,19.1,71.3,2.58,3.54,1.0,2.73,1.46,2.32,1.23,3.84,4.7,22.700000000000003,52.199999999999996,0.96,1.73,0.8599999999999999,2.61
P30,1.5,4.5,13.8,44.5,19.1,46.9,2.14,2.45,1.57,1.0,1.63,2.32,2.01,4.0,3.0,30.7,27.799999999999997,0.31000000000000005,-0.5700000000000001,0.69,1.9900000000000002
P31,3.0,4.9,15.8,61.9,14.3,87.9,2.48,3.2,1.27,1.0,1.96,1.42,1.95,3.72,1.9000000000000004,46.099999999999994,73.60000000000001,0.7200000000000002,-0.27,-0.54,1.7700000000000002
P32,2.2,5.2,17.3,63.8,14.6,67.5,2.3,3.31,1.0,1.0,1.13,1.94,2.67,3.09,3.0,46.5,52.9,1.0100000000000002,0.0,0.81,0.41999999999999993
P33,2.7,7.3,18.8,58.6,8.2,50.1,1.8,2.98,2.02,3.34,2.19,3.34,2.16,3.89,4.6,39.8,41.900000000000006,1.18,1.3199999999999998,1.15,1.73
P34,2.6,3.9,15.0,42.6,12.5,83.8,1.65,2.56,1.71,1.97,2.22,3.67,1.72,4.0,1.2999999999999998,27.6,71.3,0.9100000000000001,0.26,1.4499999999999997,2.2800000000000002
P35,2.5,7.0,8.7,33.7,12.3,76.9,1.53,1.94,1.96,3.85,3.93,3.56,1.03,1.41,4.5,25.000000000000004,64.60000000000001,0.4099999999999999,1.8900000000000001,-0.3700000000000001,0.3799999999999999
P36,2.7,5.6,12.3,37.1,8.4,36.2,2.39,3.65,2.43,4.0,2.38,1.94,1.0,3.66,2.8999999999999995,24.8,27.800000000000004,1.2599999999999998,1.5699999999999998,-0.43999999999999995,2.66
P37,3.0,9.3,14.0,41.5,21.0,38.1,2.03,2.77,2.27,4.0,3.03,3.53,1.72,4.0,6.300000000000001,27.5,17.1,0.7400000000000002,1.73,0.5,2.2800000000000002
P38,2.4,7.0,11.7,48.4,14.0,51.0,3.24,3.74,1.0,1.35,2.54,2.67,2.2,3.91,4.6,36.7,37.0,0.5,0.3500000000000001,0.1299999999999999,1.71
P39,2.9,6.9,12.3,38.2,14.4,77.5,2.24,3.47,1.1,2.89,1.79,2.78,1.94,4.0,4.0,25.900000000000002,63.1,1.23,1.79,0.9899999999999998,2.06
P40,2.6,7.4,1.0,23.7,18.9,81.5,3.3,3.8,1.3,1.41,1.62,3.08,1.32,3.41,4.800000000000001,22.7,62.6,0.5,0.10999999999999988,1.46,2.09
P41,2.9,5.6,18.7,39.9,10.4,65.7,1.5,2.45,2.49,4.0,1.86,1.86,1.07,3.36,2.6999999999999997,21.2,55.300000000000004,0.9500000000000002,1.5099999999999998,0.0,2.29
P42,2.3,6.5,11.4,37.1,18.4,81.0,2.22,3.42,2.7,4.0,2.0,2.74,2.1,1.7,4.2,25.700000000000003,62.6,1.1999999999999997,1.2999999999999998,0.7400000000000002,-0.40000000000000013
P43,3.2,6.4,18.9,31.1,3.7,50.9,1.42,2.51,1.24,2.9,2.9,3.72,1.56,3.43,3.2,12.200000000000003,47.199999999999996,1.0899999999999999,1.66,0.8200000000000003,1.87
P44,2.9,5.6,15.8,33.7,12.1,80.3,2.1,3.24,1.24,1.26,2.95,4.0,1.0,3.12,2.6999999999999997,17.900000000000002,68.2,1.1400000000000001,0.020000000000000018,1.0499999999999998,2.12
P45,1.9,5.8,13.7,36.9,4.9,68.0,2.72,4.0,1.65,2.78,1.96,2.65,2.33,4.0,3.9,23.2,63.1,1.2799999999999998,1.13,0.69,1.67
P46,2.4,5.7,20.2,49.8,21.2,57.6,2.01,1.53,1.03,1.0,2.05,2.16,1.0,3.05,3.3000000000000003,29.599999999999998,36.400000000000006,-0.47999999999999976,-0.030000000000000027,0.11000000000000032,2.05
P47,2.0,7.5,9.2,58.5,18.7,67.9,2.08,3.23,1.97,4.0,1.72,2.53,1.0,3.89,5.5,49.3,49.2,1.15,2.0300000000000002,0.8099999999999998,2.89
P48,1.2,5.2,23.1,63.9,11.8,63.1,2.49,3.4,2.23,2.11,2.09,3.04,1.16,4.0,4.0,40.8,51.3,0.9099999999999997,-0.1200000000000001,0.9500000000000002,2.84
P49,2.4,6.4,12.4,47.5,15.0,78.0,3.39,3.89,1.77,1.43,2.37,3.31,1.77,3.68,4.0,35.1,63.0,0.5,-0.3400000000000001,0.94,1.9100000000000001
P50,3.4,6.7,4.5,21.6,10.7,46.6,1.73,3.35,3.03,3.53,1.87,2.87,1.08,1.0,3.3000000000000003,17.1,35.900000000000006,1.62,0.5,1.0,-0.08000000000000007
P51,3.0,8.4,9.2,37.0,17.1,66.1,1.65,1.88,1.28,3.52,2.29,3.55,1.0,3.79,5.4,27.8,48.99999999999999,0.22999999999999998,2.24,1.2599999999999998,2.79
P52,2.5,3.2,12.5,51.9,18.9,77.6,1.89,3.26,2.26,3.57,1.82,1.47,1.38,1.0,0.7000000000000002,39.4,58.699999999999996,1.3699999999999999,1.31,-0.3500000000000001,-0.3799999999999999
P53,2.8,3.5,4.7,50.5,11.9,54.7,2.19,3.39,1.0,2.71,3.01,2.74,2.09,4.0,0.7000000000000002,45.8,42.800000000000004,1.2000000000000002,1.71,-0.2699999999999996,1.9100000000000001
P54,3.0,4.7,11.4,21.1,16.9,81.1,1.81,2.59,2.37,4.0,2.34,3.09,1.2,3.26,1.7000000000000002,9.700000000000001,64.19999999999999,0.7799999999999998,1.63,0.75,2.0599999999999996
P55,3.4,6.9,10.1,56.8,10.7,72.5,2.44,3.5,2.13,2.07,1.86,2.83,2.67,4.0,3.5000000000000004,46.699999999999996,61.8,1.06,-0.06000000000000005,0.97,1.33
P56,3.1,3.6,9.1,40.4,13.4,54.9,2.71,2.52,1.12,2.57,3.05,3.55,1.56,3.59,0.5,31.299999999999997,41.5,-0.18999999999999995,1.4499999999999997,0.5,2.03
P57,4.0,5.9,9.8,51.9,16.1,65.8,1.54,3.25,1.22,2.67,1.15,2.21,1.1,3.6,1.9000000000000004,42.099999999999994,49.699999999999996,1.71,1.45,1.06,2.5
P58,3.3,7.8,8.8,36.1,18.8,72.0,3.22,3.72,1.52,3.07,2.12,3.0,1.14,2.92,4.5,27.3,53.2,0.5,1.5499999999999998,0.8799999999999999,1.78
P59,1.3,5.6,12.8,45.2,11.7,61.4,1.42,1.16,1.0,2.87,3.13,3.56,1.0,1.0,4.3,32.400000000000006,49.7,-0.26,1.87,0.43000000000000016,0.0
P60,2.6,3.9,13.1,34.0,14.5,48.4,2.47,3.08,2.37,4.0,2.95,3.75,1.8,4.0,1.2999999999999998,20.9,33.9,0.6099999999999999,1.63,0.7999999999999998,2.2
P61,3.2,7.8,11.5,45.3,17.3,55.7,2.33,3.67,1.93,1.98,2.68,4.0,1.23,3.34,4.6,33.8,38.400000000000006,1.3399999999999999,0.050000000000000044,1.3199999999999998,2.11
P62,2.4,8.2,12.3,60.7,18.9,95.6,3.35,3.02,2.84,4.0,2.18,3.5,1.3,3.17,5.799999999999999,48.400000000000006,76.69999999999999,-0.33000000000000007,1.1600000000000001,1.3199999999999998,1.8699999999999999
P63,1.4,8.1,13.2,59.4,22.0,65.6,1.87,3.15,1.9,3.54,2.82,4.0,1.02,3.55,6.699999999999999,46.2,43.599999999999994,1.2799999999999998,1.6400000000000001,1.1800000000000002,2.53
P64,2.5,6.3,14.3,55.6,14.2,72.3,2.24,3.43,2.65,4.0,2.65,3.94,2.49,4.0,3.8,41.3,58.099999999999994,1.19,1.35,1.29,1.5099999999999998
P65,2.1,6.0,12.9,37.8,24.7,67.0,2.51,3.55,2.57,4.0,2.86,3.69,1.0,1.06,3.9,24.9,42.3,1.04,1.4300000000000002,0.8300000000000001,0.06000000000000005
P66,1.0,4.3,19.5,50.1,11.0,31.7,2.72,3.22,1.85,3.44,1.58,1.0,1.2,3.84,3.3,30.6,20.7,0.5,1.5899999999999999,-0.5800000000000001,2.6399999999999997
P67,2.4,8.5,18.9,46.0,19.3,100.0,2.08,3.02,2.38,4.0,2.88,2.98,1.63,3.79,6.1,27.1,80.7,0.94,1.62,0.10000000000000009,2.16
P68,3.3,7.6,7.8,44.3,23.0,60.4,3.26,3.76,1.64,2.91,1.65,2.79,1.59,4.0,4.3,36.5,37.4,0.5,1.2700000000000002,1.1400000000000001,2.41
P69,3.0,5.1,7.7,50.6,24.3,75.7,1.5,1.25,1.67,3.13,1.43,3.06,1.42,3.38,2.0999999999999996,42.9,51.400000000000006,-0.25,1.46,1.6300000000000001,1.96
P70,3.0,7.8,7.9,29.0,14.5,51.5,1.65,1.31,2.21,4.0,2.19,3.14,1.85,4.0,4.8,21.1,37.0,-0.33999999999999986,1.79,0.9500000000000002,2.15
