Variable,Missing_N,Missing_Pct,Minimum,Maximum,Mean,SD
Pre_Density,0,0.0,1.0,4.6,2.545714285714286,0.6830633714072056
Post_Density,0,0.0,2.9,9.5,6.231428571428572,1.6679018197517692
Pre_Length,0,0.0,1.0,23.1,12.315714285714286,4.414588323061596
Post_Length,0,0.0,21.1,64.6,44.128571428571426,10.385233983215224
Pre_Rejection,0,0.0,3.7,24.7,15.128571428571428,4.726004006730803
Post_Rejection,0,0.0,28.9,100.0,64.97571428571428,15.493677398780255
Pre_Stance,0,0.0,1.0,3.72,2.2565714285714287,0.6070238295212349
Post_Stance,0,0.0,1.16,4.0,3.000714285714286,0.7273245023213633
Pre_Lexical,0,0.0,1.0,3.03,1.8041428571428568,0.5558059635800418
Post_Lexical,0,0.0,1.0,4.0,2.944714285714286,0.9710665306967063
Pre_Consistency,0,0.0,1.0,3.93,2.267285714285715,0.6081902863665629
Post_Consistency,0,0.0,1.0,4.0,2.9569999999999994,0.8156589760539581
Pre_Critical,0,0.0,1.0,2.67,1.5271428571428571,0.5096351148719631
Post_Critical,0,0.0,1.0,4.0,3.1237142857142857,1.0505777174358262
