Participant,Pre_Density,Post_Density,Pre_Length,Post_Length,Pre_Rejection,Post_Rejection,Pre_Stance,Post_Stance,Pre_Lexical,Post_Lexical,Pre_Consistency,Post_Consistency,Pre_Critical,Post_Critical
P01,2.5,6.3,9.5,50.3,12.3,46.6,3.72,4.0,1.32,2.67,1.71,1.19,1.0,2.82
P02,1.0,2.9,14.4,41.4,19.7,46.9,2.48,2.49,1.5,3.37,2.27,2.14,1.01,1.0
P03,2.1,7.4,6.9,51.8,20.5,64.2,2.64,3.24,1.79,2.91,1.34,1.41,1.0,3.0
P04,3.0,6.2,11.5,35.3,8.9,31.5,2.4,3.6,1.0,2.67,2.96,4.0,1.0,3.16
P05,1.4,4.0,21.8,40.4,14.6,52.9,2.49,3.43,2.38,4.0,3.01,3.08,2.35,4.0
P06,2.0,5.8,7.2,22.9,21.2,44.0,1.91,3.65,1.54,1.74,2.35,3.79,1.0,3.62
P07,2.6,8.7,13.0,29.3,21.2,76.3,1.59,2.75,1.8,3.63,2.28,3.69,2.45,4.0
P08,4.6,8.9,16.7,45.5,13.2,79.9,2.46,2.92,2.29,3.98,2.48,3.45,1.0,1.08
P09,3.2,7.2,11.1,64.6,20.4,68.1,1.0,2.32,1.54,1.08,2.12,1.84,2.04,4.0
P10,2.1,4.3,16.3,56.6,16.9,88.8,2.54,3.38,2.7,2.45,1.77,2.64,1.0,3.48
P11,1.4,7.8,13.9,48.2,10.2,55.2,2.42,3.61,1.0,2.59,2.72,4.0,2.45,1.93
P12,2.2,7.1,9.5,35.4,23.5,83.1,1.75,2.92,2.27,2.23,1.76,2.65,1.0,2.95
P13,2.5,8.5,8.8,38.5,12.9,48.7,2.21,3.57,2.05,3.67,2.45,3.89,1.51,3.8
P14,3.3,9.5,12.8,37.9,14.4,68.0,1.64,2.27,2.1,3.8,2.96,4.0,1.35,3.46
P15,2.1,3.9,4.8,33.8,7.1,69.4,1.54,2.56,2.17,3.86,1.48,3.23,1.19,3.5
P16,3.1,7.9,6.9,41.9,12.5,67.9,2.67,3.6,1.2,2.77,2.11,3.21,2.33,1.59
P17,3.3,8.0,12.8,52.3,11.4,77.3,2.21,1.52,1.14,3.21,2.21,2.61,2.04,1.92
P18,2.3,3.1,7.1,36.5,6.1,58.7,3.29,3.79,1.96,3.48,1.0,1.4,1.36,3.16
P19,3.0,7.1,11.0,50.5,17.2,68.7,3.66,4.0,2.55,3.73,1.9,3.01,1.68,1.0
P20,2.2,5.1,7.1,39.4,11.4,64.2,2.51,3.26,1.18,3.06,2.24,3.3,1.97,4.0
P21,2.5,3.0,17.0,46.2,19.6,88.1,2.28,2.22,1.0,1.0,1.43,1.0,1.22,3.4
P22,1.4,6.1,15.6,53.0,13.5,69.6,3.12,3.62,1.87,3.57,2.8,3.74,1.92,3.94
P23,2.5,5.7,13.8,41.7,20.7,77.9,1.08,1.99,1.85,3.5,3.2,2.91,2.04,4.0
P24,3.1,6.5,12.8,46.6,15.3,68.6,1.4,1.42,2.26,4.0,3.09,3.35,1.04,1.0
P25,2.9,7.5,9.9,42.7,14.1,82.0,2.02,3.18,2.5,4.0,3.45,3.95,1.0,1.0
P26,2.3,6.0,7.4,50.8,14.0,28.9,2.33,3.49,2.04,1.99,2.02,3.0,1.6,3.52
P27,3.2,7.4,20.5,52.7,10.8,51.5,2.2,2.35,1.41,3.32,2.91,4.0,1.0,1.0
P28,2.1,3.7,14.5,51.0,12.5,63.5,2.21,2.74,1.99,2.25,2.4,3.21,1.66,3.88
P29,2.3,7.0,11.4,34.1,19.1,71.3,2.58,3.54,1.0,2.73,1.46,2.32,1.23,3.84
P30,1.5,4.5,13.8,44.5,19.1,46.9,2.14,2.45,1.57,1.0,1.63,2.32,2.01,4.0
P31,3.0,4.9,15.8,61.9,14.3,87.9,2.48,3.2,1.27,1.0,1.96,1.42,1.95,3.72
P32,2.2,5.2,17.3,63.8,14.6,67.5,2.3,3.31,1.0,1.0,1.13,1.94,2.67,3.09
P33,2.7,7.3,18.8,58.6,8.2,50.1,1.8,2.98,2.02,3.34,2.19,3.34,2.16,3.89
P34,2.6,3.9,15.0,42.6,12.5,83.8,1.65,2.56,1.71,1.97,2.22,3.67,1.72,4.0
P35,2.5,7.0,8.7,33.7,12.3,76.9,1.53,1.94,1.96,3.85,3.93,3.56,1.03,1.41
P36,2.7,5.6,12.3,37.1,8.4,36.2,2.39,3.65,2.43,4.0,2.38,1.94,1.0,3.66
P37,3.0,9.3,14.0,41.5,21.0,38.1,2.03,2.77,2.27,4.0,3.03,3.53,1.72,4.0
P38,2.4,7.0,11.7,48.4,14.0,51.0,3.24,3.74,1.0,1.35,2.54,2.67,2.2,3.91
P39,2.9,6.9,12.3,38.2,14.4,77.5,2.24,3.47,1.1,2.89,1.79,2.78,1.94,4.0
P40,2.6,7.4,1.0,23.7,18.9,81.5,3.3,3.8,1.3,1.41,1.62,3.08,1.32,3.41
P41,2.9,5.6,18.7,39.9,10.4,65.7,1.5,2.45,2.49,4.0,1.86,1.86,1.07,3.36
P42,2.3,6.5,11.4,37.1,18.4,81.0,2.22,3.42,2.7,4.0,2.0,2.74,2.1,1.7
P43,3.2,6.4,18.9,31.1,3.7,50.9,1.42,2.51,1.24,2.9,2.9,3.72,1.56,3.43
P44,2.9,5.6,15.8,33.7,12.1,80.3,2.1,3.24,1.24,1.26,2.95,4.0,1.0,3.12
P45,1.9,5.8,13.7,36.9,4.9,68.0,2.72,4.0,1.65,2.78,1.96,2.65,2.33,4.0
P46,2.4,5.7,20.2,49.8,21.2,57.6,2.01,1.53,1.03,1.0,2.05,2.16,1.0,3.05
P47,2.0,7.5,9.2,58.5,18.7,67.9,2.08,3.23,1.97,4.0,1.72,2.53,1.0,3.89
P48,1.2,5.2,23.1,63.9,11.8,63.1,2.49,3.4,2.23,2.11,2.09,3.04,1.16,4.0
P49,2.4,6.4,12.4,47.5,15.0,78.0,3.39,3.89,1.77,1.43,2.37,3.31,1.77,3.68
P50,3.4,6.7,4.5,21.6,10.7,46.6,1.73,3.35,3.03,3.53,1.87,2.87,1.08,1.0
P51,3.0,8.4,9.2,37.0,17.1,66.1,1.65,1.88,1.28,3.52,2.29,3.55,1.0,3.79
P52,2.5,3.2,12.5,51.9,18.9,77.6,1.89,3.26,2.26,3.57,1.82,1.47,1.38,1.0
P53,2.8,3.5,4.7,50.5,11.9,54.7,2.19,3.39,1.0,2.71,3.01,2.74,2.09,4.0
P54,3.0,4.7,11.4,21.1,16.9,81.1,1.81,2.59,2.37,4.0,2.34,3.09,1.2,3.26
P55,3.4,6.9,10.1,56.8,10.7,72.5,2.44,3.5,2.13,2.07,1.86,2.83,2.67,4.0
P56,3.1,3.6,9.1,40.4,13.4,54.9,2.71,2.52,1.12,2.57,3.05,3.55,1.56,3.59
P57,4.0,5.9,9.8,51.9,16.1,65.8,1.54,3.25,1.22,2.67,1.15,2.21,1.1,3.6
P58,3.3,7.8,8.8,36.1,18.8,72.0,3.22,3.72,1.52,3.07,2.12,3.0,1.14,2.92
P59,1.3,5.6,12.8,45.2,11.7,61.4,1.42,1.16,1.0,2.87,3.13,3.56,1.0,1.0
P60,2.6,3.9,13.1,34.0,14.5,48.4,2.47,3.08,2.37,4.0,2.95,3.75,1.8,4.0
P61,3.2,7.8,11.5,45.3,17.3,55.7,2.33,3.67,1.93,1.98,2.68,4.0,1.23,3.34
P62,2.4,8.2,12.3,60.7,18.9,95.6,3.35,3.02,2.84,4.0,2.18,3.5,1.3,3.17
P63,1.4,8.1,13.2,59.4,22.0,65.6,1.87,3.15,1.9,3.54,2.82,4.0,1.02,3.55
P64,2.5,6.3,14.3,55.6,14.2,72.3,2.24,3.43,2.65,4.0,2.65,3.94,2.49,4.0
P65,2.1,6.0,12.9,37.8,24.7,67.0,2.51,3.55,2.57,4.0,2.86,3.69,1.0,1.06
P66,1.0,4.3,19.5,50.1,11.0,31.7,2.72,3.22,1.85,3.44,1.58,1.0,1.2,3.84
P67,2.4,8.5,18.9,46.0,19.3,100.0,2.08,3.02,2.38,4.0,2.88,2.98,1.63,3.79
P68,3.3,7.6,7.8,44.3,23.0,60.4,3.26,3.76,1.64,2.91,1.65,2.79,1.59,4.0
P69,3.0,5.1,7.7,50.6,24.3,75.7,1.5,1.25,1.67,3.13,1.43,3.06,1.42,3.38
P70,3.0,7.8,7.9,29.0,14.5,51.5,1.65,1.31,2.21,4.0,2.19,3.14,1.85,4.0
